date,open,high,close,low,volume,price_change,p_change,ma5,ma10,ma20,v_ma5,v_ma10,v_ma20
2018-12-28,5.21,5.24,5.15,4.91,165133.0,-0.01,-0.19,5.364,5.511,5.874,157592.14,167035.29,344378.79
2018-12-27,5.53,5.53,5.16,5.15,157673.94,-0.26,-4.8,5.458,5.576,5.932,154635.37,175815.94,360922.51
2018-12-26,5.44,5.52,5.42,5.42,124255.0,-0.05,-0.91,5.556,5.666,5.979,167503.9,181472.13,373932.56
2018-12-25,5.41,5.48,5.47,5.26,212323.58,-0.15,-2.67,5.594,5.729,6.016,172713.03,193400.99,385328.78
2018-12-24,5.65,5.66,5.62,5.57,128575.16,0.0,0.0,5.632,5.799,6.045,161975.27,202320.43,384786.7
2018-12-21,5.6,5.7,5.62,5.55,150349.16,-0.03,-0.53,5.658,5.839,6.07,176478.44,216923.51,393376.02
2018-12-20,5.51,5.76,5.65,5.43,222016.58,0.04,0.71,5.694,5.892,6.083,196996.51,245519.47,400416.64
2018-12-19,5.69,5.71,5.61,5.6,150300.69,-0.05,-0.88,5.776,5.956,6.111,195440.36,318841.18,399764.52
2018-12-18,5.68,5.77,5.66,5.58,158634.75,-0.09,-1.56,5.864,6.094,6.138,214088.94,441705.85,406310.16
2018-12-17,5.71,5.77,5.75,5.59,201091.0,-0.05,-0.86,5.966,6.174,6.172,242665.59,467030.21,414294.82
2018-12-14,6.05,6.11,5.8,5.79,252939.52,-0.26,-4.29,6.02,6.236,6.211,257368.59,521722.29,419651.86
2018-12-13,6.07,6.14,6.06,5.96,214235.86,0.01,0.17,6.09,6.288,6.25,294042.43,546029.09,431020.61
2018-12-12,6.16,6.21,6.05,6.04,243543.55,-0.12,-1.95,6.136,6.291,6.28,442241.99,566392.99,449948.33
2018-12-11,6.04,6.22,6.17,6.02,301518.0,0.15,2.49,6.324,6.302,6.29,669322.76,577256.58,453257.11
2018-12-10,6.06,6.09,6.02,5.93,274606.03,-0.13,-2.11,6.382,6.291,6.297,691394.83,567252.97,460466.09
2018-12-07,6.15,6.3,6.15,6.04,436308.69,-0.14,-2.23,6.452,6.3,6.304,786075.98,569828.53,460769.33
2018-12-06,6.75,6.75,6.29,6.29,955233.69,-0.7,-10.01,6.486,6.273,6.303,798015.75,555313.8,455365.2
2018-12-05,6.58,7.11,6.99,6.5,1378947.38,0.53,8.2,6.446,6.265,6.295,690543.98,480687.87,425017.45
2018-12-04,6.26,6.46,6.46,6.15,411878.38,0.09,1.41,6.28,6.181,6.246,485190.4,370914.47,373861.45
2018-12-03,6.73,6.82,6.37,6.33,748011.75,0.05,0.79,6.2,6.169,6.228,443111.1,361559.43,376059.24
2018-11-30,5.98,6.45,6.32,5.83,496007.53,0.23,3.78,6.148,6.186,6.204,353581.09,317581.44,361948.65
2018-11-29,6.12,6.39,6.09,6.06,417874.88,-0.07,-1.14,6.06,6.212,6.179,312611.86,316012.13,353374.94
2018-11-28,5.91,6.25,6.16,5.75,352179.47,0.1,1.65,6.084,6.269,6.138,270831.75,333503.67,342869.7
2018-11-27,6.06,6.14,6.06,5.97,201481.88,-0.05,-0.82,6.082,6.278,6.093,256638.54,329257.64,331499.86
2018-11-26,5.93,6.23,6.11,5.86,300361.69,0.23,3.91,6.138,6.302,6.048,280007.76,353679.22,326852.1
2018-11-23,6.16,6.24,5.88,5.6,291161.38,-0.33,-5.31,6.224,6.308,5.999,281581.79,351710.13,316838.52
2018-11-22,6.17,6.29,6.21,6.15,208974.31,0.06,0.98,6.364,6.333,5.968,319412.4,355416.6,308378.0
2018-11-21,6.18,6.29,6.15,6.05,281213.44,-0.19,-3.0,6.454,6.325,5.918,396175.59,369347.03,304694.92
2018-11-20,6.47,6.52,6.34,6.22,318328.0,-0.2,-3.06,6.474,6.311,5.875,401876.74,376808.42,296816.55
2018-11-19,6.58,6.74,6.54,6.42,308231.84,-0.04,-0.61,6.466,6.287,5.823,427350.68,390559.05,289260.36
2018-11-16,6.62,6.76,6.58,6.49,480314.41,-0.08,-1.2,6.392,6.222,5.773,421838.46,406315.85,287597.91
2018-11-15,6.18,6.88,6.66,6.18,592790.25,0.41,6.56,6.302,6.145,5.706,391420.8,390737.74,274071.42
2018-11-14,6.22,6.38,6.25,6.15,309719.19,-0.05,-0.79,6.196,6.007,5.633,342518.46,352235.74,258861.73
2018-11-13,6.06,6.55,6.3,6.03,445697.69,0.13,2.11,6.148,5.908,5.57,351740.11,333742.09,250582.86
2018-11-12,6.04,6.18,6.17,5.98,280670.75,0.04,0.65,6.108,5.794,5.498,353767.43,300024.98,233912.63
2018-11-09,6.02,6.38,6.13,5.99,328226.12,0.0,0.0,6.052,5.69,5.44,390793.25,281966.9,225316.62
2018-11-08,6.08,6.31,6.13,5.97,348278.56,0.12,2.0,5.988,5.602,5.384,390054.68,261339.41,219304.49
2018-11-07,5.99,6.25,6.01,5.92,355827.41,-0.09,-1.48,5.818,5.51,5.342,361953.01,240042.81,209558.34
2018-11-06,5.79,6.28,6.1,5.66,455834.31,0.21,3.56,5.668,5.439,5.335,315744.07,216824.67,196510.48
2018-11-05,5.72,5.96,5.89,5.66,465799.84,0.08,1.38,5.48,5.359,5.319,246282.53,187961.68,176943.02
2018-11-02,5.45,5.81,5.81,5.36,324533.28,0.53,10.04,5.328,5.324,5.311,173140.56,168879.97,160347.01
2018-11-01,5.29,5.45,5.28,5.25,207770.23,0.02,0.38,5.216,5.267,5.324,132624.14,157405.11,148439.07
2018-10-31,5.16,5.3,5.26,5.16,124782.7,0.1,1.94,5.202,5.259,5.362,118132.6,165487.72,144959.39
2018-10-30,5.11,5.22,5.16,5.01,108526.59,0.03,0.58,5.21,5.232,5.413,117905.27,167423.64,144754.15
2018-10-29,5.25,5.32,5.13,5.08,100090.0,-0.12,-2.29,5.238,5.202,5.47,129640.82,167800.28,145965.78
2018-10-26,5.26,5.37,5.25,5.21,121951.16,0.04,0.77,5.32,5.189,5.526,164619.38,168666.33,147363.75
2018-10-25,5.06,5.25,5.21,5.03,135312.56,-0.09,-1.7,5.318,5.166,5.571,182186.08,177269.58,147098.62
2018-10-24,5.3,5.44,5.3,5.27,123646.03,0.0,0.0,5.316,5.173,5.618,212842.83,179073.87,146455.53
2018-10-23,5.49,5.53,5.3,5.3,167204.36,-0.24,-4.33,5.254,5.23,5.659,216942.01,176196.29,145236.4
2018-10-22,5.24,5.72,5.54,5.23,274982.81,0.3,5.72,5.166,5.278,5.695,205959.73,165924.36,142445.12
2018-10-19,5.05,5.26,5.24,5.01,209784.64,0.04,0.77,5.058,5.297,5.725,172713.27,151814.05,134808.92
2018-10-18,4.92,5.26,5.2,4.82,288596.31,0.21,4.21,5.014,5.381,5.78,172353.07,139473.03,130350.31
2018-10-17,4.87,5.05,4.99,4.87,144141.91,0.13,2.67,5.03,5.465,5.833,145304.91,124431.06,120966.5
2018-10-16,5.02,5.07,4.86,4.78,112293.0,-0.14,-2.8,5.206,5.594,5.895,135450.58,122084.66,118785.78
2018-10-15,5.09,5.15,5.0,4.96,108750.5,-0.02,-0.4,5.39,5.738,5.961,125888.98,124131.29,118800.36
2018-10-12,5.14,5.18,5.02,4.76,207983.64,-0.26,-4.92,5.536,5.862,6.029,130914.83,126061.17,119782.69
2018-10-11,5.55,5.65,5.28,5.28,153355.48,-0.59,-10.05,5.748,5.976,6.098,106592.98,116927.66,116387.05
2018-10-10,5.78,5.97,5.87,5.77,94870.27,0.09,1.56,5.9,6.063,6.16,103557.21,113837.19,116881.51
2018-10-09,5.78,5.84,5.78,5.72,64485.0,0.05,0.87,5.982,6.087,6.206,108718.74,114276.5,122094.51
2018-10-08,5.98,6.0,5.73,5.73,133879.75,-0.35,-5.76,6.086,6.111,6.247,122373.6,118965.89,126738.41
2018-09-28,6.08,6.12,6.08,6.02,86374.39,0.04,0.66,6.188,6.153,6.288,121207.51,117803.8,129344.53
2018-09-27,6.28,6.28,6.04,6.03,138176.64,-0.24,-3.82,6.204,6.179,6.318,127262.33,121227.6,146496.72
2018-09-26,6.32,6.36,6.28,6.23,120677.93,-0.02,-0.32,6.226,6.201,6.382,124117.17,117501.94,155788.96
2018-09-25,6.2,6.41,6.3,6.12,132759.3,0.06,0.96,6.192,6.195,6.43,119834.26,115486.91,161598.67
2018-09-21,6.18,6.3,6.24,6.16,128049.27,0.08,1.3,6.136,6.184,6.484,115558.18,113469.43,167065.94
2018-09-20,6.23,6.34,6.16,6.16,116648.52,0.01,0.16,6.118,6.195,6.536,114400.09,113504.22,178219.62
2018-09-19,6.08,6.29,6.15,6.04,122450.81,0.04,0.66,6.154,6.219,6.609,115192.87,115846.44,190331.19
2018-09-18,5.86,6.17,6.11,5.83,99263.41,0.09,1.5,6.176,6.256,6.686,110886.71,119925.82,200014.04
2018-09-17,6.1,6.1,6.02,5.92,111378.9,-0.13,-2.11,6.198,6.325,6.771,111139.55,129912.52,216985.11
2018-09-14,6.34,6.36,6.15,6.13,122258.8,-0.19,-3.0,6.232,6.382,6.846,111380.67,134510.92,225681.3
2018-09-13,6.46,6.46,6.34,6.26,120612.41,0.08,1.28,6.272,6.423,6.901,112608.35,140885.26,231818.22
2018-09-12,6.22,6.34,6.26,6.18,100920.01,0.04,0.64,6.284,6.457,6.948,116500.0,171765.83,241023.11
2018-09-11,6.17,6.28,6.22,6.11,100527.63,0.03,0.48,6.336,6.563,7.014,128964.94,194075.98,254281.82
2018-09-10,6.37,6.37,6.19,6.14,112584.5,-0.16,-2.52,6.452,6.665,7.082,148685.5,207710.43,265050.55
2018-09-07,6.44,6.5,6.35,6.3,128397.19,-0.05,-0.78,6.532,6.783,7.162,157641.17,220662.45,280731.5
2018-09-06,6.49,6.57,6.4,6.37,140070.69,-0.12,-1.84,6.574,6.876,7.237,169162.17,242935.01,303059.14
2018-09-05,6.73,6.78,6.52,6.51,163244.69,-0.28,-4.12,6.63,6.998,7.291,227031.66,264815.94,319544.55
2018-09-04,6.62,6.85,6.8,6.55,199130.42,0.21,3.19,6.79,7.116,7.326,259187.01,280102.26,331548.34
2018-09-03,6.57,6.6,6.59,6.34,157362.84,0.03,0.46,6.878,7.216,7.368,266735.37,304057.7,352496.66
2018-08-31,6.62,6.77,6.56,6.52,186002.23,-0.12,-1.8,7.034,7.309,7.401,283683.74,316851.68,370234.1
2018-08-30,7.15,7.17,6.68,6.61,429418.12,-0.64,-8.74,7.178,7.378,7.424,316707.85,322751.18,383124.73
2018-08-29,7.34,7.57,7.32,7.31,324021.44,0.08,1.1,7.366,7.439,7.431,302600.23,310280.39,384730.53
2018-08-28,7.38,7.39,7.24,7.21,236872.2,-0.13,-1.76,7.442,7.465,7.419,301017.51,314487.67,403913.92
2018-08-27,7.32,7.45,7.37,7.22,242104.69,0.09,1.24,7.554,7.498,7.387,341380.03,322390.67,396949.51
2018-08-24,7.48,7.51,7.28,7.22,351122.81,-0.34,-4.46,7.584,7.541,7.348,350019.62,340800.55,394041.95
2018-08-23,7.66,7.88,7.62,7.59,358880.0,-0.08,-1.04,7.578,7.597,7.327,328794.5,363183.26,386059.98
2018-08-22,7.63,7.83,7.7,7.58,316107.84,-0.1,-1.28,7.512,7.583,7.297,317960.54,374273.16,381685.51
2018-08-21,7.46,7.85,7.8,7.43,438684.81,0.28,3.72,7.488,7.536,7.271,327957.83,382994.42,388022.94
2018-08-20,7.29,7.52,7.52,7.2,285302.62,0.27,3.72,7.442,7.519,7.225,303401.3,400935.63,378725.71
2018-08-17,7.47,7.55,7.25,7.22,244997.23,-0.04,-0.55,7.498,7.492,7.187,331581.48,423616.52,372623.08
2018-08-16,7.4,7.6,7.29,7.2,304710.22,-0.29,-3.83,7.616,7.469,7.162,397572.03,443498.28,368104.26
2018-08-15,7.55,7.85,7.58,7.45,366094.25,0.01,0.13,7.654,7.422,7.129,430585.78,459180.67,362732.58
2018-08-14,7.77,7.9,7.57,7.56,315902.19,-0.23,-2.95,7.584,7.372,7.092,438031.01,493340.17,356699.59
2018-08-13,7.61,7.99,7.8,7.56,426203.53,-0.04,-0.51,7.596,7.275,7.057,498469.95,471508.35,353612.62
2018-08-10,7.49,7.87,7.84,7.38,574949.94,0.36,4.81,7.486,7.155,7.018,515651.56,447283.34,352413.31
2018-08-09,7.15,7.75,7.48,7.03,469778.97,0.25,3.46,7.322,7.057,6.962,489424.53,408936.69,338935.84
2018-08-08,7.5,7.58,7.23,7.21,403320.44,-0.4,-5.24,7.19,7.011,6.919,487775.56,389097.86,330105.52
2018-08-07,7.16,7.86,7.63,7.12,618096.88,0.38,5.24,7.16,7.005,6.877,548649.32,393051.46,324004.83
2018-08-06,7.08,7.44,7.25,6.93,512111.56,0.23,3.28,6.954,6.93,6.837,444546.74,356515.79,305971.31
2018-08-03,6.8,7.18,7.02,6.8,443814.81,0.2,2.93,6.824,6.881,6.81,378915.13,321629.64,291083.77
2018-08-02,6.9,7.02,6.82,6.48,461534.12,-0.26,-3.67,6.792,6.854,6.794,328448.86,292710.24,281428.8
2018-08-01,6.66,7.26,7.08,6.66,707689.25,0.48,7.27,6.832,6.836,6.794,290420.15,266284.5,270399.88
2018-07-31,6.61,6.69,6.6,6.56,97583.97,0.0,0.0,6.85,6.812,6.775,237453.59,220059.01,243990.07
2018-07-30,6.88,6.88,6.6,6.57,183953.5,-0.26,-3.79,6.906,6.839,6.793,268484.84,235716.89,252101.16
2018-07-27,7.0,7.02,6.86,6.74,191483.44,-0.16,-2.28,6.938,6.88,6.809,264344.14,257543.28,262157.9
2018-07-26,7.0,7.11,7.02,6.97,271390.59,-0.15,-2.09,6.916,6.866,6.805,256971.62,268935.0,269659.85
2018-07-25,6.91,7.27,7.17,6.87,442856.44,0.29,4.21,6.84,6.826,6.777,242148.84,271113.19,268043.15
2018-07-24,6.68,7.04,6.88,6.65,252740.22,0.12,1.77,6.774,6.749,6.742,202664.43,254958.2,262743.2
2018-07-23,6.72,6.85,6.76,6.65,163250.02,0.01,0.15,6.772,6.744,6.727,202948.93,255426.83,266316.06
2018-07-20,6.61,6.79,6.75,6.52,154620.83,0.11,1.66,6.822,6.738,6.697,250742.42,260537.91,267679.94
2018-07-19,6.76,6.84,6.64,6.57,197276.69,-0.2,-2.92,6.816,6.733,6.669,280898.37,270147.37,271557.73
2018-07-18,6.84,7.06,6.84,6.82,245434.41,-0.03,-0.44,6.812,6.752,6.638,300077.54,274515.27,275091.22
2018-07-17,6.9,6.94,6.87,6.78,254162.72,-0.14,-2.0,6.724,6.737,6.614,307251.96,267921.12,277444.2
2018-07-16,6.73,7.05,7.01,6.65,402217.44,0.29,4.32,6.716,6.746,6.593,307904.72,268485.44,277265.59
2018-07-13,6.67,6.87,6.72,6.6,305400.59,0.1,1.51,6.654,6.738,6.601,270333.4,266772.51,275431.01
2018-07-12,6.34,6.76,6.62,6.29,293172.56,0.22,3.44,6.65,6.743,6.659,259396.36,270384.7,269303.18
2018-07-11,6.66,6.68,6.4,6.21,281306.47,-0.43,-6.3,6.692,6.728,6.724,248953.0,264973.1,266474.34
2018-07-10,6.66,6.95,6.83,6.62,257426.52,0.13,1.94,6.75,6.734,6.816,228590.29,270528.21,267174.45
2018-07-09,6.92,6.96,6.7,6.67,214360.84,0.0,0.0,6.776,6.709,6.89,229066.16,277205.29,268156.17
2018-07-06,6.73,6.94,6.7,6.5,250715.41,-0.13,-1.9,6.822,6.656,6.964,263211.62,274821.98,273377.85
2018-07-05,6.75,6.96,6.83,6.57,240955.77,0.14,2.09,6.836,6.605,7.052,281373.04,272968.09,281275.08
2018-07-04,6.85,6.88,6.69,6.56,179492.92,-0.27,-3.88,6.764,6.523,7.152,280993.21,275667.18,302361.88
2018-07-03,6.9,7.02,6.96,6.63,259805.86,0.03,0.43,6.718,6.491,7.236,312466.13,286967.27,309194.39
2018-07-02,6.87,7.13,6.93,6.78,385088.16,0.16,2.36,6.642,6.44,7.512,325344.42,286045.74,305124.55
2018-06-29,6.45,6.88,6.77,6.42,341522.47,0.3,4.64,6.49,6.464,7.775,286432.33,284089.51,295761.43
2018-06-28,6.4,6.65,6.47,6.31,239056.62,0.01,0.15,6.374,6.575,8.062,264563.14,268221.67,292142.62
2018-06-27,6.45,6.74,6.46,6.36,336857.56,-0.12,-1.82,6.282,6.72,8.347,270341.14,267975.57,293558.58
2018-06-26,6.01,6.75,6.58,5.9,324197.28,0.41,6.64,6.264,6.897,8.632,261468.41,263820.69,298497.88
2018-06-25,6.31,6.37,6.17,6.12,190527.7,-0.02,-0.32,6.238,7.071,8.955,246747.05,259107.05,287403.46
2018-06-22,5.9,6.27,6.19,5.88,232176.52,0.18,3.0,6.438,7.272,9.372,281746.69,271933.73,300654.8
2018-06-21,6.37,6.44,6.01,5.95,267946.66,-0.36,-5.65,6.776,7.498,9.806,271880.19,289582.08,318263.31
2018-06-20,6.24,6.56,6.37,6.06,292493.88,-0.08,-1.24,7.158,7.78,10.227,265610.0,329056.59,334294.41
2018-06-19,6.9,6.91,6.45,6.45,250590.5,-0.72,-10.04,7.53,7.981,10.601,266172.97,331421.5,342512.19
2018-06-15,7.93,8.07,7.17,7.16,365525.91,-0.71,-9.01,7.904,8.583,10.973,271467.04,324203.37,362857.27
2018-06-14,7.86,8.1,7.88,7.8,182844.02,-0.04,-0.51,8.106,9.085,11.286,262120.76,307433.36,362910.08
2018-06-13,8.23,8.25,7.92,7.91,236595.7,-0.31,-3.77,8.22,9.549,11.534,307283.97,316063.57,362300.56
2018-06-12,8.26,8.38,8.23,7.86,295308.72,-0.09,-1.08,8.402,9.974,11.792,392503.17,319141.59,366706.32
2018-06-11,8.12,8.38,8.32,8.05,277060.84,0.14,1.71,8.432,10.366,12.015,396670.03,333175.06,361476.11
2018-06-08,8.34,8.38,8.18,8.02,318794.5,-0.27,-3.19,9.262,10.839,12.234,376939.7,315699.88,357477.53
2018-06-07,8.63,8.75,8.45,8.36,408660.09,-0.38,-4.3,10.064,11.471,12.46,352745.95,329375.87,360380.06
2018-06-06,8.55,9.2,8.83,8.55,662691.69,0.45,5.37,10.878,12.114,12.719,324843.16,346944.54,358707.62
2018-06-05,8.29,8.49,8.38,8.15,316143.03,0.07,0.84,11.546,12.674,12.948,245780.0,339532.23,338277.22
2018-06-04,12.33,12.48,12.47,12.05,178409.19,0.28,2.3,12.3,13.221,13.206,269680.09,353602.89,339533.37
2018-06-01,12.35,12.5,12.19,11.82,197825.77,-0.33,-2.64,12.416,13.362,13.268,254460.05,401511.16,353978.1
2018-05-31,12.42,12.93,12.52,12.24,269146.12,0.35,2.88,12.878,13.486,13.326,306005.79,418386.81,370905.1
2018-05-30,11.83,12.64,12.17,11.73,267375.91,0.02,0.17,13.35,13.518,13.349,369045.93,408537.55,373137.71
2018-05-29,11.81,13.3,12.15,11.81,435643.47,-0.9,-6.9,13.802,13.61,13.391,433284.46,414271.05,376898.23
2018-05-28,13.3,13.48,13.05,13.05,102309.0,-1.45,-10.0,14.142,13.664,13.407,437525.68,389777.16,368493.53
2018-05-25,14.6,15.24,14.5,14.41,455554.44,-0.38,-2.55,14.308,13.629,13.379,548562.27,399255.17,384896.86
2018-05-24,14.23,15.2,14.88,14.05,584346.81,0.45,3.12,14.094,13.449,13.323,530767.84,391384.24,389237.71
2018-05-23,13.6,14.96,14.43,13.42,588568.56,0.58,4.19,13.686,13.324,13.24,448029.18,370470.7,386252.55
2018-05-22,13.81,14.35,13.85,13.57,456849.59,-0.03,-0.22,13.418,13.221,13.161,395257.63,337022.21,380606.96
2018-05-21,13.95,14.77,13.88,13.88,657491.94,0.45,3.35,13.186,13.191,13.081,342028.63,325463.84,379029.33
2018-05-18,12.89,13.98,13.43,12.86,366582.28,0.59,4.59,12.95,13.173,13.005,249948.08,306445.03,373352.64
2018-05-17,12.88,13.05,12.84,12.77,170653.52,-0.25,-1.91,12.804,13.165,12.969,252000.65,323423.4,393268.08
2018-05-16,12.5,13.24,13.09,12.44,324710.84,0.4,3.15,12.962,13.18,12.997,292912.23,337737.88,394417.78
2018-05-15,12.76,12.84,12.69,12.4,190704.59,-0.01,-0.08,13.024,13.172,13.088,278786.79,339525.42,428991.37
2018-05-14,12.61,12.88,12.7,12.41,197089.16,0.0,0.0,13.196,13.15,13.147,308899.05,347209.91,465778.6
2018-05-11,13.43,13.8,12.7,12.7,376845.12,-0.93,-6.82,13.396,13.128,13.225,362941.98,370538.54,457684.53
2018-05-10,13.4,13.9,13.63,13.3,375211.44,0.23,1.72,13.526,13.197,13.237,394846.15,387091.17,441524.62
2018-05-09,13.4,13.45,13.4,13.17,254083.64,-0.15,-1.11,13.398,13.156,13.144,382563.52,402034.41,437258.67
2018-05-08,13.43,13.78,13.55,13.25,341265.91,-0.15,-1.09,13.32,13.1,13.009,400264.05,424191.71,434683.4
2018-05-07,13.5,14.13,13.7,13.35,467303.81,0.35,2.62,13.104,12.97,12.839,385520.76,432594.81,423413.43
2018-05-04,12.99,13.88,13.35,12.81,536365.94,0.36,2.77,12.86,12.837,12.668,378135.1,440260.25,406209.99
2018-05-03,12.99,13.06,12.99,12.41,313798.31,-0.02,-0.15,12.868,12.772,12.517,379336.2,463112.77,387698.89
2018-05-02,12.53,13.28,13.01,12.31,342586.28,0.54,4.33,12.914,12.814,12.396,421505.29,451097.69,380977.88
2018-04-27,12.68,12.85,12.47,12.23,267549.44,-0.01,-0.08,12.88,13.003,12.263,448119.38,518457.32,370660.73
2018-04-26,13.05,13.67,12.48,12.33,430375.53,-0.91,-6.8,12.836,13.144,12.152,479668.87,584347.3,366989.53
2018-04-25,12.98,14.2,13.39,12.82,542371.44,0.17,1.29,12.814,13.321,12.036,502385.4,544830.52,354063.49
2018-04-24,12.64,13.45,13.22,12.34,524643.75,0.38,2.96,12.676,13.277,11.856,546889.34,495958.06,335884.87
2018-04-23,12.33,13.38,12.84,12.1,475656.72,0.59,4.82,12.714,13.132,11.69,480690.09,472482.94,320370.9
2018-04-20,12.29,12.68,12.25,11.97,425296.91,-0.12,-0.97,13.126,12.918,11.597,588795.27,445175.09,303844.14
2018-04-19,12.38,13.08,12.37,12.2,543958.19,-0.33,-2.6,13.452,12.708,11.533,689025.72,414232.06,292970.67
2018-04-18,12.07,13.19,12.7,12.07,764891.12,-0.71,-5.29,13.828,12.499,11.476,587275.64,372159.74,275555.96
2018-04-17,13.61,13.98,13.41,13.41,193647.5,-1.49,-10.0,13.878,12.262,11.423,445026.79,312285.01,247226.93
2018-04-16,14.33,15.27,14.9,14.0,1016182.62,1.02,7.35,13.55,11.977,11.337,464275.8,310858.07,253537.91
2018-04-13,14.29,15.48,13.88,13.51,926449.19,-0.37,-2.6,12.71,11.523,11.19,301554.91,222864.14,225833.88
2018-04-12,14.25,14.25,14.25,14.25,35207.77,1.3,10.04,11.964,11.16,11.053,139438.39,149631.76,188650.11
2018-04-11,12.95,12.95,12.95,12.95,53646.86,1.18,10.03,11.17,10.751,10.915,157043.83,163296.45,201778.98
2018-04-10,10.93,11.77,11.77,10.73,289892.56,1.07,10.0,10.646,10.435,10.849,179543.24,175811.67,217971.58
2018-04-09,10.27,10.88,10.7,10.16,202578.16,0.55,5.42,10.404,10.247,10.825,157440.33,168258.86,222996.8
2018-04-04,10.34,10.49,10.15,10.15,115866.59,-0.13,-1.26,10.336,10.276,10.825,144173.36,162513.2,227049.01
2018-04-03,10.05,10.47,10.28,10.03,123234.98,-0.05,-0.48,10.356,10.357,10.839,159825.13,171709.28,229613.97
2018-04-02,10.46,10.56,10.33,10.07,166143.89,-0.23,-2.18,10.332,10.453,10.857,169549.08,178952.18,238079.2
2018-03-30,10.54,10.75,10.56,10.38,179378.05,0.2,1.93,10.224,10.583,10.856,172080.1,182168.85,238561.45
2018-03-29,10.24,10.4,10.36,10.11,136243.31,0.11,1.07,10.09,10.697,10.833,179077.38,196217.76,240979.09
2018-03-28,9.84,10.5,10.25,9.76,194125.41,0.09,0.89,10.216,10.857,10.85,180853.04,228803.63,249989.37
2018-03-27,9.94,10.26,10.16,9.89,171854.72,0.37,3.78,10.358,10.946,10.865,183593.42,227668.47,262426.05
2018-03-26,9.23,9.89,9.79,9.11,178799.0,-0.1,-1.01,10.574,11.078,10.908,188355.29,240261.5,276385.76
2018-03-23,10.35,10.48,9.89,9.89,214364.44,-1.1,-10.01,10.942,11.263,10.92,192257.6,260131.49,280011.99
2018-03-22,10.85,11.19,10.99,10.85,145121.62,0.03,0.27,11.304,11.403,10.909,213358.15,277734.75,279934.83
2018-03-21,11.33,11.8,10.96,10.91,207827.34,-0.28,-2.49,11.498,11.373,10.838,276754.22,291584.81,283815.96
2018-03-20,11.5,11.5,11.24,11.0,195664.05,-0.39,-3.35,11.534,11.321,10.737,271743.51,287518.67,278774.64
2018-03-19,11.45,11.78,11.63,11.29,198310.56,-0.07,-0.6,11.582,11.261,10.623,292167.7,297206.22,276557.67
2018-03-16,11.6,11.95,11.7,11.4,319867.16,-0.26,-2.17,11.584,11.128,10.499,328005.37,294954.04,273989.07
2018-03-15,11.05,12.25,11.96,11.05,462101.97,0.82,7.36,11.502,10.969,10.356,342111.36,285740.41,266431.02
2018-03-14,11.36,11.58,11.14,11.08,182773.8,-0.34,-2.96,11.248,10.843,10.217,306415.4,271175.12,252335.3
2018-03-13,11.5,12.0,11.48,11.31,297785.03,-0.16,-1.38,11.108,10.783,10.108,303293.83,297183.63,254513.78
2018-03-12,11.22,11.97,11.64,11.14,377498.88,0.35,3.1,10.94,10.738,9.975,302244.73,312510.02,252291.3
2018-03-09,10.53,11.57,11.29,10.5,390397.12,0.6,5.61,10.672,10.577,9.884,261902.71,299892.49,243422.07
2018-03-08,10.36,11.19,10.69,10.28,283622.19,0.25,2.4,10.436,10.415,9.803,229369.46,282134.91,235194.58
2018-03-07,10.59,10.75,10.44,10.4,167165.94,-0.2,-1.88,10.438,10.302,9.774,235934.83,276047.11,237914.03
2018-03-06,10.2,10.94,10.64,10.09,292539.53,0.34,3.3,10.458,10.153,9.813,291073.43,270030.61,245522.06
2018-03-05,10.18,10.47,10.3,10.18,175788.78,0.19,1.88,10.536,9.985,9.904,322775.3,255909.13,247953.38
2018-03-02,10.53,10.58,10.11,10.08,227730.88,-0.59,-5.51,10.482,9.869,10.028,337882.27,253024.1,263190.1
2018-03-01,10.18,10.84,10.7,10.18,316449.0,0.16,1.52,10.394,9.743,10.142,334900.36,247121.63,269451.07
2018-02-28,10.24,10.92,10.54,10.24,442858.97,-0.49,-4.44,10.166,9.591,10.22,316159.4,233495.49,270788.71
2018-02-27,10.08,11.03,11.03,10.06,451048.88,1.0,9.97,9.848,9.432,10.316,248987.79,211843.93,271106.81
2018-02-26,9.68,10.21,10.03,9.66,251323.64,0.36,3.72,9.434,9.212,10.379,189042.95,192072.59,265762.86
2018-02-23,9.35,9.78,9.67,9.31,212821.31,0.11,1.15,9.256,9.19,10.5,168165.93,186951.65,274493.03
2018-02-22,9.19,9.76,9.56,9.15,222744.2,0.61,6.82,9.092,9.191,10.637,159342.9,188254.26,296998.54
2018-02-14,8.99,9.11,8.95,8.85,107000.9,-0.01,-0.11,9.016,9.245,10.799,150831.58,199780.95,325769.6
2018-02-13,9.14,9.39,8.96,8.96,151324.7,-0.18,-1.97,9.016,9.472,11.057,174700.06,221013.52,322689.21
2018-02-12,8.94,9.25,9.14,8.91,146938.56,0.29,3.28,8.99,9.823,11.393,195102.22,239997.63,361451.06
2018-02-09,8.83,9.17,8.85,8.66,168706.16,-0.33,-3.6,9.124,10.187,11.696,205737.37,273356.09,407663.71
2018-02-08,8.94,9.35,9.18,8.93,180187.56,0.23,2.57,9.29,10.54,12.0,217165.61,291780.51,403632.66
2018-02-07,9.08,9.21,8.95,8.53,226343.34,0.12,1.36,9.474,10.848,12.219,248730.32,308081.93,417225.48
2018-02-06,9.38,9.72,8.83,8.83,253335.48,-0.98,-9.99,9.928,11.199,12.388,267326.97,330369.69,423216.99
2018-02-05,9.44,10.14,9.81,9.32,200114.31,0.13,1.34,10.656,11.546,12.507,284893.04,339453.14,417955.98
2018-02-02,9.98,10.05,9.68,9.28,225847.36,-0.42,-4.16,11.25,11.81,12.586,340974.81,362034.41,415640.77
2018-02-01,11.0,11.09,10.1,10.1,338011.12,-1.12,-9.98,11.79,12.082,12.642,366395.42,405742.83,407021.69
2018-01-31,11.8,11.8,11.22,11.22,319326.56,-1.25,-10.02,12.222,12.353,12.666,367433.53,451758.26,391719.88
2018-01-30,12.44,12.88,12.47,12.28,341165.84,-0.31,-2.43,12.47,12.642,12.637,393412.41,424364.9,377667.92
2018-01-29,12.13,13.1,12.78,11.88,480523.16,0.4,3.23,12.436,12.963,12.532,394013.24,482904.49,361436.13
2018-01-26,12.17,12.73,12.38,12.06,352950.41,0.12,0.98,12.37,13.205,12.406,383094.01,541971.34,338306.1
2018-01-25,12.15,12.56,12.26,12.08,343201.69,-0.2,-1.6,12.374,13.459,12.297,445090.23,515484.81,321533.63
2018-01-24,12.11,12.63,12.46,11.78,449220.97,0.16,1.3,12.484,13.589,12.199,536082.98,526369.03,304973.59
2018-01-23,12.25,12.49,12.3,12.04,344169.97,-0.15,-1.21,12.814,13.576,12.09,455317.39,516064.29,283388.84
2018-01-22,12.14,12.59,12.45,11.88,425927.03,0.05,0.4,13.49,13.467,11.991,571795.74,496458.82,266974.09
2018-01-19,12.9,13.29,12.4,12.35,662931.5,-0.41,-3.2,14.04,13.362,11.895,700848.66,469247.12,246191.07
2018-01-18,12.99,13.37,12.81,12.7,798165.44,-1.3,-9.21,14.544,13.202,11.808,585879.4,408300.56,213868.26
2018-01-17,14.11,14.11,14.11,14.11,45393.0,-1.57,-10.01,14.694,12.979,11.703,516655.07,331681.51,175329.14
2018-01-16,15.8,16.48,15.68,14.42,926561.75,0.48,3.16,14.338,12.632,11.538,576811.19,330970.94,174102.91
2018-01-15,14.9,16.41,15.2,14.9,1071191.62,0.28,1.88,13.444,12.1,11.286,421121.9,239967.78,128937.71
2018-01-12,14.92,14.92,14.92,14.92,88085.17,1.36,10.03,12.684,11.606,11.053,237645.58,134640.86,76307.39
2018-01-11,13.0,13.56,13.56,12.81,452043.81,1.23,9.98,11.86,11.134,10.843,230721.73,127582.44,74835.9
2018-01-10,11.8,12.33,12.33,11.48,346173.59,1.12,9.99,11.264,10.809,10.687,146707.95,83578.15,53503.11
2018-01-09,11.4,11.68,11.21,11.02,148115.3,-0.19,-1.67,10.926,10.604,10.587,85130.68,50713.39,37847.16
2018-01-08,10.81,11.86,11.4,10.51,153810.02,0.6,5.56,10.756,10.515,10.539,58813.65,37489.36,31630.81
2018-01-05,10.61,10.86,10.8,10.6,53465.93,0.22,2.08,10.528,10.428,10.471,31636.14,23135.01,24783.79
2018-01-04,10.58,10.69,10.58,10.51,31974.92,-0.06,-0.56,10.408,10.413,10.431,24443.15,19435.96,23166.55
2018-01-03,10.36,10.84,10.64,10.31,38287.25,0.28,2.7,10.354,10.426,10.401,20448.34,18976.77,23777.81
2018-01-02,10.25,10.45,10.36,10.22,16530.15,0.1,0.97,10.282,10.443,10.378,16296.09,17234.88,23279.12
2017-12-29,10.2,10.27,10.26,10.11,17922.45,0.06,0.59,10.274,10.472,10.379,16165.07,17907.64,23394.28
2017-12-28,10.3,10.45,10.2,10.16,17501.0,-0.11,-1.07,10.328,10.5,10.402,14633.89,17973.92,23268.92
2017-12-27,10.26,10.32,10.31,10.2,12000.84,0.03,0.29,10.418,10.552,10.427,14428.76,22089.36,23205.09
2017-12-26,10.26,10.36,10.28,10.24,17526.0,-0.04,-0.39,10.498,10.564,10.451,17505.2,23428.08,23652.33
2017-12-25,10.5,10.64,10.32,10.2,15875.04,-0.21,-1.99,10.604,10.569,10.48,18173.68,24980.93,24286.63
2017-12-22,10.61,10.74,10.53,10.5,10266.55,-0.12,-1.13,10.67,10.562,10.497,19650.22,25772.26,25293.1
2017-12-21,10.69,10.82,10.65,10.52,16475.36,-0.06,-0.56,10.672,10.513,10.495,21313.96,26432.57,26392.61
2017-12-20,10.74,10.88,10.71,10.57,27383.05,-0.1,-0.93,10.686,10.448,10.476,29749.96,26897.15,27096.27
2017-12-19,10.6,10.97,10.81,10.6,20868.38,0.16,1.5,10.63,10.376,10.463,29350.95,28578.85,27223.6
2017-12-18,10.51,10.7,10.65,10.32,23257.76,0.11,1.04,10.534,10.313,10.442,31788.19,29323.36,27737.14
2017-12-15,10.58,10.83,10.54,10.44,18585.24,-0.18,-1.68,10.454,10.285,10.439,31894.3,28880.92,28482.52
2017-12-14,10.44,10.9,10.72,10.33,58655.36,0.29,2.78,10.354,10.303,10.459,31551.18,28563.92,30538.27
2017-12-13,10.32,10.46,10.43,10.24,25388.03,0.1,0.97,10.21,10.302,10.503,24044.34,24320.82,29742.04
2017-12-12,10.27,10.38,10.33,10.2,33054.56,0.08,0.78,10.122,10.338,10.571,27806.74,23876.58,32639.48
2017-12-11,10.14,10.27,10.25,10.1,23788.31,0.21,2.09,10.092,10.391,10.627,26858.53,23592.32,33697.54
2017-12-08,10.05,10.14,10.04,9.95,16869.66,0.04,0.4,10.116,10.432,10.674,25867.55,24813.93,33653.48
2017-12-07,9.86,10.08,10.0,9.86,21121.15,0.01,0.1,10.252,10.477,10.739,25576.66,26352.65,33958.47
2017-12-06,10.1,10.22,9.99,9.7,44200.02,-0.19,-1.87,10.394,10.504,10.804,24597.3,27295.4,34070.99
2017-12-05,10.41,10.55,10.18,10.08,28313.53,-0.19,-1.83,10.554,10.55,10.867,19946.43,25868.34,33121.86
2017-12-04,10.66,10.78,10.37,10.35,18833.37,-0.35,-3.27,10.69,10.571,10.918,20326.1,26150.92,32763.29
2017-12-01,10.71,10.84,10.72,10.62,15415.22,0.01,0.09,10.748,10.593,10.958,23760.32,28084.11,33040.07
2017-11-30,10.75,10.9,10.71,10.69,16224.37,-0.08,-0.74,10.702,10.615,10.978,27128.65,32512.62,33507.17
2017-11-29,10.86,10.9,10.79,10.61,20945.65,-0.07,-0.65,10.614,10.704,11.007,29993.49,35163.25,33795.95
2017-11-28,10.59,10.95,10.86,10.58,30211.9,0.2,1.88,10.546,10.804,11.032,31790.26,41402.37,33975.38
2017-11-27,10.39,10.8,10.66,10.28,36004.45,0.17,1.62,10.452,10.862,11.057,31975.74,43802.75,33756.12
2017-11-24,10.2,10.58,10.49,10.13,32256.88,0.22,2.14,10.438,10.916,11.09,32407.9,42493.02,33998.47
2017-11-23,10.41,10.5,10.27,10.2,30548.59,-0.18,-1.72,10.528,11.001,11.154,37896.59,41564.29,34359.52
2017-11-22,10.39,10.53,10.45,10.31,29929.47,0.06,0.58,10.794,11.104,11.229,40333.01,40846.58,34364.0
2017-11-21,10.62,10.74,10.39,10.31,31139.31,-0.2,-1.89,11.062,11.184,11.292,51014.49,40375.38,34236.72
2017-11-20,10.83,10.91,10.59,10.32,38165.27,-0.35,-3.2,11.272,11.265,11.353,55629.77,39375.65,34123.56
2017-11-17,11.57,11.6,10.94,10.92,59700.29,-0.66,-5.69,11.394,11.323,11.412,52578.14,37996.02,33526.62
2017-11-16,11.63,11.9,11.6,11.56,42730.72,-0.19,-1.61,11.474,11.341,11.457,45231.99,34501.72,32256.38
2017-11-15,11.4,11.98,11.79,11.36,83336.85,0.35,3.06,11.414,11.309,11.455,41360.15,32428.65,31929.19
2017-11-14,11.16,11.51,11.44,11.06,54215.7,0.24,2.14,11.306,11.259,11.458,29736.28,26548.39,30509.63
2017-11-13,11.35,11.35,11.2,11.18,22907.12,-0.14,-1.24,11.258,11.251,11.492,23121.54,23709.48,30331.78
2017-11-10,11.3,11.41,11.34,11.25,22969.55,0.04,0.35,11.252,11.263,11.54,23413.91,25503.92,31786.81
2017-11-09,11.22,11.34,11.3,11.1,23371.53,0.05,0.44,11.208,11.307,11.602,23771.45,27154.75,34002.05
2017-11-08,11.16,11.37,11.25,11.16,25217.5,0.05,0.45,11.204,11.354,11.658,23497.15,27881.42,35397.53
2017-11-07,11.12,11.22,11.2,11.03,21142.0,0.03,0.27,11.212,11.399,11.719,23360.49,28098.05,38138.83
2017-11-06,11.18,11.19,11.17,10.93,24368.98,0.05,0.45,11.244,11.44,11.775,24297.42,28871.47,39267.95
2017-11-03,11.36,11.41,11.12,11.06,24757.23,-0.16,-1.42,11.274,11.5,11.818,27593.93,29057.22,39787.83
2017-11-02,11.3,11.42,11.28,11.27,22000.02,-0.01,-0.09,11.406,11.573,11.861,30538.04,30011.03,40248.1
2017-11-01,11.36,11.45,11.29,11.28,24534.23,-0.07,-0.62,11.504,11.601,11.893,32265.69,31429.74,41402.44
2017-10-31,11.33,11.45,11.36,11.23,25826.62,0.04,0.35,11.586,11.656,11.939,32835.61,34470.87,41807.65
2017-10-30,11.84,11.85,11.32,11.29,40851.53,-0.46,-3.9,11.636,11.733,11.982,33445.52,36954.08,42969.07
2017-10-27,11.79,11.89,11.78,11.76,39477.81,0.01,0.09,11.726,11.817,12.043,30520.51,38069.69,44084.3
2017-10-26,11.7,11.77,11.77,11.63,30638.27,0.07,0.6,11.74,11.897,12.08,29484.02,40849.35,43999.61
2017-10-25,11.6,11.74,11.7,11.57,27383.82,0.09,0.78,11.698,11.961,12.112,30593.78,42913.64,44145.13
2017-10-24,11.75,11.75,11.61,11.52,28876.15,-0.16,-1.36,11.726,12.039,12.16,36106.13,48179.61,44425.59
2017-10-23,11.8,11.84,11.77,11.7,26226.5,-0.08,-0.68,11.83,12.109,12.205,40462.64,49664.43,44851.81
2017-10-20,11.56,11.95,11.85,11.49,34295.38,0.29,2.51,11.908,12.136,12.253,45618.88,50518.44,45094.66
2017-10-19,11.81,11.91,11.56,11.56,36187.06,-0.28,-2.37,12.054,12.148,12.294,52214.67,50485.16,45906.1
2017-10-18,12.12,12.22,11.84,11.81,54945.58,-0.29,-2.39,12.224,12.185,12.36,55233.49,51375.15,47074.15
2017-10-17,12.06,12.36,12.13,11.98,50658.69,-0.03,-0.25,12.352,12.222,12.409,60253.09,49144.43,46735.73
2017-10-16,12.47,12.68,12.16,12.13,52007.68,-0.42,-3.34,12.388,12.23,12.442,58866.21,48984.06,48527.18
2017-10-13,12.4,12.79,12.58,12.28,67274.36,0.17,1.37,12.364,12.268,12.485,55418.0,50098.9,52536.79
2017-10-12,12.43,12.49,12.41,12.18,51281.16,-0.07,-0.56,12.242,12.262,12.502,48755.65,47149.88,55024.63
2017-10-11,12.31,12.88,12.48,12.23,80043.54,0.17,1.38,12.146,12.263,12.511,47516.8,45376.62,57244.91
2017-10-10,12.04,12.32,12.31,12.01,43724.33,0.27,2.24,12.092,12.281,12.53,38035.77,40671.57,58504.17
2017-10-09,12.11,12.18,12.04,12.0,34766.63,0.07,0.58,12.072,12.301,12.561,39101.91,40039.2,64837.39
2017-09-29,11.95,12.13,11.97,11.82,33962.6,0.04,0.34,12.172,12.369,12.595,44779.79,39670.87,69580.23
2017-09-28,12.21,12.27,11.93,11.92,45086.9,-0.28,-2.29,12.282,12.439,12.617,45544.1,41327.04,72042.14
2017-09-27,12.2,12.28,12.21,12.15,32638.38,0.0,0.0,12.38,12.535,12.635,43236.45,42773.15,73121.0
2017-09-26,12.48,12.5,12.21,12.11,49055.06,-0.33,-2.63,12.47,12.595,12.636,43307.38,44327.04,75417.92
2017-09-25,12.56,12.9,12.54,12.49,63156.02,0.02,0.16,12.53,12.653,12.638,40976.48,48070.3,78932.52
2017-09-22,12.41,12.55,12.52,12.25,37784.14,0.1,0.81,12.566,12.701,12.618,34561.96,54974.68,79152.69
2017-09-21,12.6,12.68,12.42,12.42,33548.63,-0.24,-1.9,12.596,12.742,12.589,37109.98,62899.38,79319.22
2017-09-20,12.55,12.66,12.66,12.41,32993.03,0.15,1.2,12.69,12.759,12.556,42309.85,69113.2,80189.87
2017-09-19,12.74,12.74,12.51,12.47,37400.56,-0.21,-1.65,12.72,12.779,12.526,45346.7,76336.77,80710.39
2017-09-18,12.67,12.73,12.72,12.56,31083.42,0.05,0.4,12.776,12.821,12.501,55164.13,89635.59,81642.14
2017-09-15,12.83,12.89,12.67,12.65,50524.26,-0.22,-1.71,12.836,12.821,12.471,75387.4,99489.59,82774.38
2017-09-14,12.78,12.89,12.89,12.55,59547.99,0.08,0.62,12.888,12.795,12.446,88688.78,102757.23,83200.06
2017-09-13,12.71,12.98,12.81,12.71,48177.29,0.02,0.16,12.828,12.734,12.408,95916.55,103468.85,84884.1
2017-09-12,13.23,13.24,12.79,12.74,86487.69,-0.23,-1.77,12.838,12.676,12.36,107326.84,106508.8,85523.45
2017-09-11,13.04,13.6,13.02,12.89,132199.77,0.09,0.7,12.866,12.622,12.319,124107.06,109794.74,84927.34
2017-09-08,12.59,13.0,12.93,12.59,117031.14,0.34,2.7,12.806,12.535,12.261,123591.78,103330.69,80375.85
2017-09-07,12.77,12.9,12.59,12.57,95686.84,-0.27,-2.1,12.702,12.436,12.192,116825.68,95739.07,76550.98
2017-09-06,12.94,13.16,12.86,12.75,105228.76,-0.07,-0.54,12.64,12.352,12.145,111021.15,91266.53,73997.94
2017-09-05,12.78,13.28,12.93,12.61,170388.77,0.21,1.65,12.514,12.273,12.091,105690.76,85084.01,70809.34
2017-09-04,12.45,12.73,12.72,12.43,129623.37,0.31,2.5,12.378,12.181,12.037,95482.42,73648.68,64656.12
2017-09-01,12.29,12.49,12.41,12.24,83200.68,0.13,1.06,12.264,12.12,11.996,83069.61,66059.16,61041.04
2017-08-31,12.18,12.34,12.28,12.07,66664.17,0.05,0.41,12.17,12.096,11.979,74652.45,63642.89,62837.48
2017-08-30,12.15,12.35,12.23,12.1,78576.8,-0.02,-0.16,12.064,12.081,11.96,71511.91,66299.35,62304.55
2017-08-29,12.25,12.56,12.25,12.09,119347.09,0.1,0.82,12.032,12.044,11.946,64477.25,64538.1,61569.66
2017-08-28,12.04,12.23,12.15,11.99,67559.3,0.21,1.76,11.984,12.015,11.944,51814.94,60059.95,59834.42
2017-08-25,11.75,12.02,11.94,11.74,41114.89,0.19,1.62,11.976,11.986,11.955,49048.72,57421.01,63132.45
2017-08-24,12.07,12.08,11.75,11.74,50961.48,-0.32,-2.65,12.022,11.947,11.956,52633.34,57362.89,63393.18
2017-08-23,11.98,12.08,12.07,11.89,43403.51,0.06,0.5,12.098,11.938,11.971,61086.78,56729.35,64732.29
2017-08-22,12.14,12.15,12.01,11.93,56035.5,-0.1,-0.83,12.056,11.908,11.957,64598.94,56534.68,65598.22
2017-08-21,12.34,12.34,12.11,12.05,53728.2,-0.06,-0.49,12.046,11.893,11.958,68304.96,55663.55,66464.72
2017-08-18,12.09,12.18,12.17,11.98,59037.99,0.04,0.33,11.996,11.872,11.959,65793.3,56022.92,67537.06
2017-08-17,11.86,12.21,12.13,11.81,93228.72,0.27,2.28,11.872,11.862,11.94,62092.45,62032.07,67651.14
2017-08-16,11.94,11.94,11.86,11.66,60964.3,-0.1,-0.84,11.778,11.838,11.914,52371.91,58309.76,66467.76
2017-08-15,11.88,12.28,11.96,11.84,74565.58,0.1,0.84,11.76,11.848,11.907,48470.42,58601.23,66334.79
2017-08-14,11.55,11.86,11.86,11.54,41169.92,0.31,2.68,11.74,11.872,11.885,43022.15,59608.9,65608.08
2017-08-11,11.57,11.86,11.55,11.5,40533.73,-0.11,-0.94,11.748,11.924,11.856,46252.54,68843.9,69134.01
2017-08-10,11.78,11.82,11.66,11.6,44626.02,-0.11,-0.94,11.852,11.964,11.899,61971.68,69423.48,70856.56
2017-08-09,11.87,11.88,11.77,11.72,41456.83,-0.09,-0.76,11.898,12.004,11.943,64247.61,72735.24,77023.28
2017-08-08,11.86,11.93,11.86,11.75,47324.23,-0.04,-0.34,11.936,12.006,11.951,68732.04,74661.76,77853.47
2017-08-07,11.74,11.99,11.9,11.71,57321.9,-0.17,-1.41,12.004,12.022,11.96,76195.65,77265.88,79570.28
2017-08-04,11.91,12.68,12.07,11.75,119129.42,0.18,1.51,12.1,12.045,11.991,91435.25,79051.2,81555.59
2017-08-03,11.88,12.07,11.89,11.71,56005.66,-0.07,-0.58,12.076,12.018,12.026,76875.27,73270.22,82275.98
2017-08-02,12.19,12.28,11.96,11.92,63879.0,-0.24,-1.97,12.11,11.99,12.051,81222.88,74625.76,84802.45
2017-08-01,12.38,12.41,12.2,12.07,84642.27,-0.18,-1.45,12.076,11.966,12.064,80591.47,74068.34,85255.49
2017-07-31,12.15,12.42,12.38,12.06,133519.92,0.43,3.6,12.04,11.898,12.055,78336.12,71607.26,83630.0
2017-07-28,12.02,12.06,11.95,11.86,46329.5,-0.11,-0.91,11.99,11.787,12.047,66667.14,69424.11,79891.81
2017-07-27,11.73,12.15,12.06,11.62,77743.69,0.27,2.29,11.96,11.833,12.06,69665.16,72289.65,80821.39
2017-07-26,11.96,12.07,11.79,11.66,60721.99,-0.23,-1.91,11.87,11.881,12.06,68028.63,81311.32,79263.33
2017-07-25,12.4,12.4,12.02,11.91,73365.48,-0.11,-0.91,11.856,11.896,12.064,67545.21,81045.19,78141.82
2017-07-24,11.71,12.19,12.13,11.61,75175.05,0.33,2.8,11.756,11.897,12.068,64878.4,81874.68,77171.78
2017-07-21,11.52,11.93,11.8,11.44,61319.61,0.19,1.64,11.584,11.937,12.055,72181.09,84059.98,75937.46
2017-07-20,11.73,11.96,11.61,11.52,69561.04,-0.11,-0.94,11.706,12.033,12.054,74914.13,91281.73,75065.35
2017-07-19,11.52,11.75,11.72,11.32,58304.86,0.2,1.74,11.892,12.111,12.061,94594.0,94979.14,74275.62
2017-07-18,11.3,11.54,11.52,11.11,60031.42,0.25,2.22,11.936,12.161,12.087,94545.17,96442.64,73940.68
2017-07-17,12.31,12.4,11.27,11.17,111688.5,-1.14,-9.19,12.038,12.212,12.124,98870.96,95652.74,75172.27
2017-07-14,12.58,12.58,12.41,12.23,74984.81,-0.13,-1.04,12.29,12.307,12.177,95938.87,90359.5,74978.97
2017-07-13,11.94,13.13,12.54,11.93,167960.41,0.6,5.03,12.36,12.286,12.149,107649.34,89353.14,73805.6
2017-07-12,12.01,12.15,11.94,11.63,58060.73,-0.09,-0.75,12.33,12.238,12.108,95364.28,77215.35,68553.39
2017-07-11,12.51,12.53,12.03,11.96,81660.35,-0.5,-3.99,12.386,12.232,12.085,98340.11,75238.45,67490.02
2017-07-10,12.77,12.83,12.53,12.44,97028.06,-0.23,-1.8,12.386,12.238,12.055,92434.52,72468.88,65283.09
2017-07-07,12.34,12.85,12.76,12.26,133537.16,0.37,2.99,12.324,12.173,11.988,84780.13,67814.95,62627.49
2017-07-06,12.24,12.42,12.39,12.11,106535.09,0.17,1.39,12.212,12.074,11.933,71056.93,58848.96,57666.03
2017-07-05,12.07,12.27,12.22,11.99,72939.9,0.19,1.58,12.146,12.011,11.902,59066.41,53572.1,54841.44
2017-07-04,12.2,12.25,12.03,12.0,52132.38,-0.19,-1.55,12.078,12.013,11.882,52136.78,51438.71,54541.67
2017-07-03,12.26,12.35,12.22,12.03,58756.14,0.02,0.16,12.09,12.036,11.866,52503.25,54691.79,56594.75
2017-06-30,12.03,12.24,12.2,11.96,64921.13,0.14,1.16,12.022,12.047,11.813,50849.77,59598.44,55137.25
2017-06-29,11.91,12.09,12.06,11.9,46582.51,0.18,1.51,11.936,12.011,11.753,46640.99,58258.06,54397.8
2017-06-28,12.1,12.1,11.88,11.81,38291.73,-0.21,-1.74,11.876,11.977,11.688,48077.79,59891.43,54950.4
2017-06-27,11.87,12.14,12.09,11.85,53964.74,0.21,1.77,11.948,11.938,11.67,50740.64,59741.59,54829.18
2017-06-26,11.93,11.94,11.88,11.61,50488.72,0.11,0.94,11.982,11.872,11.647,56880.34,58097.29,54269.57
2017-06-23,11.79,11.93,11.77,11.31,43877.27,0.01,0.09,12.072,11.802,11.645,68347.12,57440.03,54204.25
2017-06-22,12.16,12.24,11.76,11.7,53766.48,-0.48,-3.92,12.086,11.791,11.635,69875.13,56483.1,54154.15
2017-06-21,12.34,12.37,12.24,12.09,51606.01,-0.02,-0.16,12.078,11.793,11.621,71705.07,56110.78,54586.05
2017-06-20,12.24,12.48,12.26,12.1,84663.21,-0.07,-0.57,11.928,11.75,11.593,68742.54,57644.62,57579.11
2017-06-19,11.85,12.48,12.33,11.76,107822.64,0.49,4.14,11.762,11.695,11.629,59314.25,58497.7,56895.6
2017-06-16,11.75,11.91,11.84,11.61,51517.31,0.12,1.02,11.532,11.579,11.686,46532.93,50676.06,55006.02
2017-06-15,11.45,11.94,11.72,11.41,62916.16,0.23,2.0,11.496,11.495,11.8,43091.08,50537.53,55053.64
2017-06-14,11.43,11.55,11.49,11.33,36793.36,0.06,0.53,11.508,11.399,11.917,40516.49,50009.38,53811.16
2017-06-13,11.18,11.55,11.43,11.1,37521.78,0.25,2.24,11.572,11.401,12.036,46546.71,49916.78,53190.66
2017-06-12,11.6,11.6,11.18,11.13,43916.03,-0.48,-4.12,11.628,11.421,12.159,57681.16,50441.84,53003.76
2017-06-09,11.74,11.78,11.66,11.55,34308.06,-0.12,-1.02,11.626,11.488,12.298,54819.19,50968.47,53422.52
2017-06-08,11.79,11.92,11.78,11.63,50043.21,-0.03,-0.25,11.494,11.478,12.412,57983.99,51825.19,54070.52
2017-06-07,11.53,11.88,11.81,11.52,66944.45,0.1,0.85,11.29,11.449,12.515,59502.27,53061.32,53100.48
2017-06-06,11.32,12.15,11.71,11.2,93194.04,0.54,4.83,11.23,11.436,12.61,53286.85,57513.6,51734.61
2017-06-05,11.02,11.24,11.17,10.83,29606.21,0.17,1.54,11.214,11.563,12.702,43202.52,55293.49,48551.02
2017-06-02,10.61,11.04,11.0,10.61,50132.04,0.24,2.23,11.35,11.792,12.842,47117.75,59335.98,50454.36
2017-06-01,11.44,11.47,10.76,10.72,57634.6,-0.75,-6.52,11.462,12.104,13.003,45666.39,59569.74,51214.07
2017-05-31,11.8,11.85,11.51,11.41,35867.34,-0.12,-1.03,11.608,12.434,13.155,46620.38,57612.93,50128.2
2017-05-26,11.79,11.8,11.63,11.51,42772.42,-0.22,-1.86,11.642,12.671,13.265,61740.35,56464.54,49659.34
2017-05-25,11.5,11.98,11.85,11.31,49182.37,0.29,2.51,11.912,12.896,13.366,67384.46,55565.69,49923.52
2017-05-24,11.41,11.66,11.56,11.2,42875.24,0.07,0.61,12.234,13.107,13.444,71554.2,55876.57,49094.24
2017-05-23,11.5,11.97,11.49,11.33,62404.51,-0.19,-1.63,12.746,13.345,13.532,73473.08,56315.84,50006.16
2017-05-22,13.03,13.1,11.68,11.68,111467.21,-1.3,-10.02,13.26,13.581,13.624,68605.49,53139.63,49322.68
2017-05-19,13.5,13.54,12.98,12.98,70992.98,-0.48,-3.57,13.7,13.784,13.755,51188.74,45955.61,46869.84
2017-05-18,13.91,13.96,13.46,13.44,70031.04,-0.66,-4.67,13.88,13.841,13.804,43746.91,41808.55,45242.33
2017-05-17,14.06,14.3,14.12,13.94,52469.66,0.06,0.43,13.98,13.891,13.822,40198.94,41572.74,44306.01
2017-05-16,13.85,14.1,14.06,13.55,38066.57,0.18,1.3,13.944,13.901,13.815,39158.6,42858.39,45293.73
2017-05-15,13.87,13.97,13.88,13.65,24383.43,0.0,0.0,13.902,13.876,13.833,37673.77,42643.46,45808.06
2017-05-12,13.91,14.05,13.88,13.67,33783.87,-0.08,-0.57,13.868,13.859,13.872,40722.49,42854.13,48378.61
2017-05-11,13.85,14.14,13.96,12.92,52291.16,0.02,0.14,13.802,13.835,13.947,39870.18,44281.35,49800.54
2017-05-10,13.85,14.08,13.94,13.7,47267.97,0.09,0.65,13.802,13.781,14.029,42946.54,42311.91,50630.08
2017-05-09,13.49,13.86,13.85,13.4,30642.41,0.14,1.02,13.858,13.718,14.132,46558.19,43696.48,53156.21
2017-05-08,13.53,13.94,13.71,13.53,39627.03,0.16,1.18,13.85,13.666,14.256,47613.15,45505.73,56667.03
2017-05-05,13.74,13.98,13.55,13.5,29522.33,-0.41,-2.94,13.85,13.725,14.432,44985.77,47784.07,60416.6
2017-05-04,14.0,14.07,13.96,13.7,67672.97,-0.26,-1.83,13.868,13.767,14.6,48692.52,48676.11,65277.69
2017-05-03,13.82,14.55,14.22,13.7,65326.2,0.41,2.97,13.76,13.752,14.757,41677.27,47039.28,67314.84
2017-05-02,13.7,13.87,13.81,13.58,35917.21,0.1,0.73,13.578,13.729,14.893,40834.77,47729.07,70824.16
2017-04-28,13.59,13.8,13.71,13.5,26490.12,0.07,0.51,13.482,13.789,15.063,43398.32,48972.65,77699.66
2017-04-27,13.41,13.72,13.64,13.03,48056.08,0.22,1.64,13.6,13.885,15.217,50582.36,53903.09,82683.78
2017-04-26,13.3,13.54,13.42,13.3,32596.75,0.11,0.83,13.666,14.059,15.359,48659.69,55319.74,83825.48
2017-04-25,13.41,13.8,13.31,13.17,61113.67,-0.02,-0.15,13.744,14.277,15.517,52401.28,58948.26,87903.93
2017-04-24,14.29,14.29,13.33,13.1,48734.97,-0.97,-6.78,13.88,14.546,15.656,54623.37,62615.95,88593.29
2017-04-21,14.0,14.58,14.3,14.0,62410.35,0.33,2.36,14.096,14.845,15.772,54546.99,67828.33,88570.79
2017-04-20,13.84,14.04,13.97,13.77,38442.73,0.16,1.16,14.17,15.138,15.849,57223.82,73049.14,87521.25
2017-04-19,13.9,13.98,13.81,13.55,51304.67,-0.18,-1.29,14.452,15.433,15.947,61979.78,81879.28,87383.21
2017-04-18,14.49,14.69,13.99,13.63,72224.11,-0.42,-2.92,14.81,15.762,16.062,65495.24,87590.41,87069.61
2017-04-17,14.6,14.79,14.41,14.35,48353.08,-0.26,-1.77,15.212,16.057,16.162,70608.53,93919.25,86956.92
2017-04-14,15.3,15.38,14.67,14.57,75794.5,-0.71,-4.62,15.594,16.336,16.259,81109.67,106426.67,87765.55
2017-04-13,15.61,15.73,15.38,15.35,62222.53,-0.22,-1.41,16.106,16.548,16.332,88874.46,111464.46,86063.76
2017-04-12,15.78,16.1,15.6,15.58,68882.0,-0.4,-2.5,16.414,16.659,16.368,101778.77,112331.21,86711.47
2017-04-11,16.22,16.55,16.0,15.57,97790.55,-0.32,-1.96,16.714,16.757,16.397,109685.58,116859.6,87078.08
2017-04-10,16.93,17.06,16.32,16.26,100858.79,-0.91,-5.28,16.902,16.766,16.384,117229.96,114570.62,85004.55
2017-04-07,16.74,17.23,17.23,16.6,114618.45,0.31,1.83,17.078,16.699,16.362,131743.66,109313.25,83091.92
2017-04-06,17.18,17.54,16.92,16.86,126744.08,-0.18,-1.05,16.99,16.559,16.308,134054.46,101993.37,80388.55
2017-04-05,16.59,17.45,17.1,16.28,108416.01,0.16,0.94,16.904,16.461,16.292,122883.65,92887.14,76930.89
2017-03-31,17.1,17.49,16.94,16.8,135512.47,-0.26,-1.51,16.8,16.362,16.268,124033.62,86548.8,76424.63
2017-03-30,16.55,17.22,17.2,16.26,173427.31,0.41,2.44,16.63,16.266,16.251,111911.29,79994.6,73367.0
2017-03-29,16.45,16.97,16.79,16.33,126172.43,0.3,1.82,16.32,16.181,16.233,86882.83,69104.43,71013.95
2017-03-28,16.57,16.75,16.49,16.24,70890.05,-0.09,-0.54,16.128,16.115,16.225,69932.28,60663.05,71794.24
2017-03-27,15.99,16.6,16.58,15.89,114165.82,0.49,3.04,16.018,16.076,16.246,62890.63,61091.72,77038.28
2017-03-24,15.61,16.25,16.09,15.6,74900.82,0.44,2.81,15.924,16.036,16.235,49063.99,57296.55,82125.49
2017-03-23,15.77,15.9,15.65,15.42,48285.01,-0.18,-1.14,15.902,16.002,16.195,48077.91,55438.48,81463.43
2017-03-22,15.79,16.08,15.83,15.72,41419.68,-0.11,-0.69,16.042,16.025,16.178,51326.03,56870.59,82563.61
2017-03-21,16.12,16.12,15.94,15.83,35681.84,-0.17,-1.05,16.102,16.057,16.161,51393.83,58783.74,85762.58
2017-03-20,15.83,16.13,16.11,15.66,45032.58,0.13,0.81,16.134,16.122,16.153,59292.8,60974.64,94303.91
2017-03-17,16.25,16.39,15.98,15.92,69970.43,-0.37,-2.26,16.148,16.173,16.113,65529.12,66300.46,98209.77
2017-03-16,16.25,16.48,16.35,16.13,64525.61,0.22,1.36,16.102,16.236,16.009,62799.05,66739.4,96103.98
2017-03-15,16.0,16.25,16.13,15.94,41758.67,0.03,0.19,16.008,16.285,15.901,62415.15,72923.48,94037.92
2017-03-14,16.1,16.56,16.1,16.01,75176.7,-0.08,-0.49,16.012,16.334,15.802,66173.65,82925.44,93707.04
2017-03-13,15.79,16.18,16.18,15.33,76214.2,0.43,2.73,16.11,16.416,15.715,62656.48,92984.84,91357.41
2017-03-10,15.96,16.16,15.75,15.69,56320.05,-0.13,-0.82,16.198,16.433,15.623,67071.81,106954.42,89143.27
2017-03-09,16.19,16.29,15.88,15.7,62606.11,-0.27,-1.67,16.37,16.388,15.553,70679.75,107488.39,88635.48
2017-03-08,16.53,16.65,16.15,16.15,60551.18,-0.44,-2.65,16.562,16.33,15.495,83431.81,108256.64,87649.17
2017-03-07,16.55,16.74,16.59,16.41,57590.84,-0.03,-0.18,16.656,16.265,15.428,99677.22,112741.43,87721.63
2017-03-06,16.57,16.79,16.62,16.3,98290.85,0.01,0.06,16.722,16.184,15.321,123313.21,127633.19,86836.73
2017-03-03,16.75,17.0,16.61,16.51,74359.78,-0.23,-1.37,16.668,16.052,15.209,146837.04,130119.07,83644.58
2017-03-02,16.77,17.39,16.84,16.45,126366.38,0.22,1.32,16.406,15.782,15.087,144297.03,125468.56,81092.78
2017-03-01,16.73,17.49,16.62,16.5,141778.27,-0.3,-1.77,16.098,15.517,14.947,133081.48,115152.36,75578.42
2017-02-28,16.55,17.32,16.92,16.05,175770.77,0.57,3.49,15.874,15.27,14.817,125805.63,104488.63,69706.97
2017-02-27,15.21,16.76,16.35,15.13,215910.0,1.05,6.86,15.646,15.013,14.671,131953.17,89729.97,62429.56
2017-02-24,15.3,15.49,15.3,15.1,61659.71,0.0,0.0,15.436,14.813,14.561,113401.1,71332.11,53270.29
2017-02-23,15.4,15.62,15.3,15.3,70288.64,-0.2,-1.29,15.158,14.718,14.491,106640.09,69782.57,51614.96
2017-02-22,15.62,15.66,15.5,15.28,105399.04,-0.28,-1.77,14.936,14.66,14.409,97223.24,67041.71,49112.62
2017-02-21,15.61,16.39,15.78,15.42,206508.44,0.48,3.14,14.666,14.59,14.326,83171.64,62701.83,44926.8
2017-02-20,13.93,15.3,15.3,13.77,123149.66,1.39,9.99,14.38,14.457,14.234,47506.77,46040.27,36735.87
2017-02-17,14.25,14.25,13.91,13.61,27854.66,-0.28,-1.97,14.19,14.366,14.174,29263.13,37170.09,33910.36
2017-02-16,14.19,14.28,14.19,14.12,23204.41,0.04,0.28,14.278,14.391,14.262,32925.05,36717.0,33488.51
2017-02-15,14.39,14.55,14.15,14.13,35141.01,-0.2,-1.39,14.384,14.377,14.35,36860.17,36004.48,33346.7
2017-02-14,14.4,14.44,14.35,14.23,28184.11,0.0,0.0,14.514,14.364,14.454,42232.02,34925.31,32539.92
2017-02-13,14.34,14.4,14.35,14.11,31931.46,0.0,0.0,14.534,14.329,14.561,44573.77,35129.15,32704.68
2017-02-10,14.7,14.7,14.35,14.32,46164.25,-0.37,-2.51,14.542,14.308,14.654,45077.06,35208.47,32060.14
2017-02-09,14.61,14.8,14.72,14.6,42880.01,-0.08,-0.54,14.504,14.263,14.749,40508.95,33447.35,31282.36
2017-02-08,14.56,14.89,14.8,14.5,62000.29,0.35,2.42,14.37,14.158,14.846,35148.79,31183.53,30476.11
2017-02-07,14.36,14.85,14.45,14.3,39892.84,0.06,0.42,14.214,14.062,14.941,27618.6,27151.77,29436.59
2017-02-06,14.16,14.45,14.39,14.1,34447.89,0.23,1.62,14.124,14.011,15.058,25684.54,27431.46,30980.39
2017-02-03,14.06,14.23,14.16,13.93,23323.74,0.11,0.78,14.074,13.982,15.135,25339.89,30650.63,30120.77
2017-01-26,14.12,14.12,14.05,13.91,16079.18,0.03,0.21,14.022,14.133,15.23,26385.75,30260.01,29729.56
2017-01-25,14.06,14.09,14.02,13.87,24349.37,0.02,0.14,13.946,14.322,15.335,27218.28,30688.91,29900.62
2017-01-24,14.15,14.19,14.0,13.79,30222.5,-0.14,-0.99,13.91,14.543,15.446,26684.94,30154.53,29725.5
2017-01-23,13.91,14.16,14.14,13.91,32724.65,0.24,1.73,13.898,14.793,15.557,29178.39,30280.21,29556.65
2017-01-20,13.67,14.07,13.9,13.52,28553.05,0.23,1.68,13.89,14.999,15.653,35961.37,28911.82,29436.91
2017-01-19,13.84,14.12,13.67,13.56,20241.83,-0.17,-1.23,14.244,15.234,15.773,34134.28,29117.36,29320.73
2017-01-18,13.9,14.07,13.84,13.6,21682.65,-0.1,-0.72,14.698,15.534,15.899,34159.55,29768.68,29763.54
2017-01-17,13.58,14.16,13.94,13.32,42689.78,-0.16,-1.14,15.176,15.82,16.003,33624.12,31721.41,30288.89
2017-01-16,15.64,15.67,14.1,14.1,66639.53,-1.57,-10.02,15.688,16.105,16.094,31382.04,34529.32,30438.27
2017-01-13,15.99,16.06,15.67,15.66,19417.6,-0.27,-1.69,16.108,16.287,16.2,21862.26,29590.91,28392.42
2017-01-12,16.25,16.28,15.94,15.9,20368.18,-0.29,-1.79,16.224,16.327,16.218,24100.44,29199.11,28801.35
2017-01-11,16.31,16.43,16.23,16.21,19005.51,-0.27,-1.64,16.37,16.348,16.224,25377.8,29112.33,29121.79
2017-01-10,16.32,16.79,16.5,16.31,31479.36,0.3,1.85,16.464,16.348,16.233,29818.7,29296.48,31256.44
2017-01-09,16.2,16.35,16.2,16.17,19040.67,-0.05,-0.31,16.522,16.32,16.219,37676.6,28833.09,31856.69
2017-01-06,16.51,16.64,16.25,16.25,30608.47,-0.42,-2.52,16.466,16.306,16.303,37319.55,29962.0,31923.91
2017-01-05,16.7,16.78,16.67,16.51,26755.01,-0.03,-0.18,16.43,16.312,16.384,34297.78,29524.1,31781.07
2017-01-04,16.99,16.99,16.7,16.53,41209.98,-0.09,-0.54,16.326,16.264,16.448,32846.86,29758.41,31816.32
2017-01-03,15.93,17.5,16.79,15.93,70768.87,0.87,5.46,16.232,16.186,16.489,28774.25,28856.37,30773.49
2016-12-30,16.08,16.15,15.92,15.9,17255.42,-0.15,-0.93,16.118,16.082,16.526,19989.59,26347.22,28961.78
2016-12-29,16.18,16.18,16.07,16.0,15499.64,-0.08,-0.49,16.146,16.112,16.632,22604.45,27193.94,29494.08
2016-12-28,16.27,16.28,16.15,16.1,19500.37,-0.08,-0.49,16.194,16.108,16.754,24750.42,28403.59,30323.39
2016-12-27,16.17,16.28,16.23,16.05,20846.96,0.01,0.06,16.202,16.1,16.863,26669.96,29131.26,30766.11
2016-12-26,16.0,16.23,16.22,15.71,26845.54,0.16,1.0,16.14,16.118,16.966,28938.48,33216.41,31369.72
2016-12-23,16.32,16.34,16.06,16.03,30329.73,-0.25,-1.53,16.046,16.118,17.09,32704.85,34880.29,31929.92
2016-12-22,16.18,16.4,16.31,15.95,26229.52,0.12,0.74,16.078,16.299,17.211,31783.43,33885.83,31999.59
2016-12-21,15.97,16.36,16.19,15.96,29098.06,0.27,1.7,16.022,16.456,17.309,32056.75,34038.03,32650.44
2016-12-20,15.8,15.99,15.92,15.75,32189.54,0.17,1.08,15.998,16.631,17.431,31592.55,33874.23,34474.64
2016-12-19,16.26,16.26,15.75,15.65,45677.41,-0.47,-2.9,16.096,16.791,17.586,37494.34,32690.62,37295.11
2016-12-16,16.14,16.43,16.22,16.03,25722.64,0.19,1.19,16.19,16.969,17.727,37055.73,31576.34,36489.92
2016-12-15,16.08,16.29,16.03,15.82,27596.1,-0.04,-0.25,16.52,17.151,17.851,35988.22,31794.21,36770.13
2016-12-14,16.31,16.46,16.07,16.05,26777.06,-0.34,-2.07,16.89,17.399,17.982,36019.31,32243.19,36866.94
2016-12-13,16.22,16.52,16.41,15.76,61698.5,0.19,1.17,17.264,17.626,18.126,36155.92,32400.96,38038.74
2016-12-12,17.87,17.87,16.22,16.08,43484.35,-1.65,-9.23,17.486,17.814,18.263,27886.9,29523.04,38593.67
2016-12-09,17.8,18.01,17.87,17.68,20385.1,-0.01,-0.06,17.748,18.062,18.387,26096.94,28979.55,39111.61
2016-12-08,17.94,18.28,17.88,17.8,27751.54,-0.06,-0.33,17.782,18.123,18.408,27600.2,30113.34,39568.28
2016-12-07,17.52,17.99,17.94,17.43,27460.09,0.42,2.4,17.908,18.161,18.43,28467.07,31262.85,39835.62
2016-12-06,17.52,17.73,17.52,17.51,20353.44,-0.01,-0.06,17.988,18.23,18.436,28646.0,35075.05,40273.23
2016-12-05,17.81,18.0,17.53,17.43,34534.53,-0.51,-2.83,18.142,18.381,18.475,31159.17,41899.6,40841.54
2016-12-02,18.45,18.5,18.04,18.0,27901.42,-0.47,-2.54,18.376,18.485,18.512,31862.17,41403.51,41581.99
2016-12-01,18.4,18.7,18.51,18.24,32085.85,0.17,0.93,18.464,18.551,18.54,32626.48,41746.05,42054.28
2016-11-30,18.23,18.5,18.34,18.13,28354.77,0.05,0.27,18.414,18.564,18.559,34058.62,41490.7,42376.4
2016-11-29,18.58,18.7,18.29,18.25,32919.26,-0.41,-2.19,18.472,18.625,18.582,41504.09,43676.52,42341.18
2016-11-28,18.63,18.82,18.7,18.45,38049.54,0.22,1.19,18.62,18.712,18.61,52640.04,47664.31,42716.54
2016-11-25,18.21,18.52,18.48,17.9,31722.98,0.22,1.21,18.594,18.711,18.635,50944.84,49243.67,42584.1
2016-11-24,18.65,18.68,18.26,18.2,39246.57,-0.37,-1.99,18.638,18.693,18.685,50865.61,49023.22,42811.99
2016-11-23,19.0,19.05,18.63,18.58,65582.1,-0.4,-2.1,18.714,18.698,18.744,48922.77,48408.4,42826.01
2016-11-22,18.58,19.53,19.03,18.47,88599.0,0.46,2.48,18.778,18.641,18.784,45848.94,45471.41,41853.8
2016-11-21,18.66,18.98,18.57,18.55,29573.56,-0.13,-0.69,18.804,18.569,18.798,42688.58,39783.47,41318.87
2016-11-18,18.64,19.0,18.7,18.5,31326.83,0.06,0.32,18.828,18.539,18.854,47542.49,41760.47,42682.77
2016-11-17,18.99,19.08,18.64,18.59,29532.35,-0.31,-1.64,18.748,18.528,18.922,47180.83,42362.51,43566.69
2016-11-16,19.13,19.32,18.95,18.91,50212.98,-0.21,-1.1,18.682,18.553,19.008,47894.04,43262.1,45136.69
2016-11-15,18.7,19.25,19.16,18.47,72797.2,0.47,2.52,18.504,18.538,19.078,45093.88,41005.83,45867.28
2016-11-14,18.29,18.7,18.69,18.22,53843.11,0.39,2.13,18.334,18.507,19.123,36878.36,37768.77,43754.17
2016-11-11,18.35,18.38,18.3,18.21,29518.53,-0.01,-0.06,18.25,18.559,19.206,35978.45,35924.53,42688.46
2016-11-10,18.13,18.37,18.31,18.13,33098.36,0.25,1.38,18.308,18.676,19.321,37544.18,36600.77,43051.61
2016-11-09,18.31,18.37,18.06,17.83,36212.21,-0.25,-1.36,18.424,18.79,19.438,38630.16,37243.62,44135.42
2016-11-08,18.35,18.36,18.31,18.18,31719.61,0.04,0.22,18.572,18.926,19.541,36917.79,38236.18,44147.87
2016-11-07,18.59,18.72,18.27,18.14,49343.53,-0.32,-1.72,18.68,19.026,19.61,38659.17,42854.27,43772.4
2016-11-04,19.0,19.05,18.59,18.49,37347.18,-0.3,-1.59,18.868,19.169,19.674,35870.62,43605.07,42354.57
2016-11-03,18.78,19.1,18.89,18.71,38528.27,0.09,0.48,19.044,19.316,19.73,35657.35,44770.88,41337.01
2016-11-02,19.05,19.11,18.8,18.78,27650.34,-0.34,-1.78,19.156,19.463,19.783,35857.07,47011.28,41074.0
2016-10-28,19.25,19.34,18.85,18.8,40426.53,-0.36,-1.87,19.28,19.617,19.82,39554.58,50728.72,41395.57
2016-10-27,19.51,19.52,19.21,19.08,35400.78,-0.26,-1.33,19.372,19.738,19.871,47049.37,49739.57,41446.57
2016-10-26,19.39,19.6,19.47,19.36,36280.85,0.02,0.1,19.47,19.852,19.907,51339.51,49452.39,41782.45
2016-10-25,19.34,19.66,19.45,19.34,39526.87,0.03,0.15,19.588,19.965,19.933,53884.4,49502.45,42106.07
2016-10-24,19.28,19.47,19.42,19.0,46137.85,0.11,0.57,19.77,20.085,19.963,58165.49,51027.23,42267.27
2016-10-21,19.78,19.8,19.31,18.91,77900.49,-0.39,-1.98,19.954,20.155,19.999,61902.87,50059.56,42009.23
2016-10-20,20.0,20.19,19.7,19.61,56851.5,-0.36,-1.79,20.104,20.194,20.049,52429.77,44690.53,39445.57
2016-10-19,20.31,20.31,20.06,19.9,49005.29,-0.3,-1.47,20.234,20.179,20.075,47565.27,41104.07,38106.65
2016-10-18,20.22,20.45,20.36,19.91,60932.32,0.02,0.1,20.342,20.144,20.077,45120.5,37903.14,37198.43
2016-10-17,19.92,20.7,20.34,19.92,64824.73,0.28,1.4,20.4,20.103,20.051,43888.96,35136.71,35040.81
2016-10-14,20.45,20.48,20.06,19.99,30535.01,-0.29,-1.43,20.356,20.022,20.022,38216.25,32062.41,32062.41
2016-10-13,20.58,20.75,20.35,20.26,32528.99,-0.25,-1.21,20.284,20.018,20.018,36951.29,32232.13,32232.13
2016-10-12,20.6,20.95,20.6,20.36,36781.45,-0.05,-0.24,20.124,19.976,19.976,34642.87,32195.02,32195.02
2016-10-11,20.12,20.65,20.65,20.09,54774.64,0.53,2.63,19.946,19.887,19.887,30685.78,31539.81,31539.81
2016-10-10,19.78,20.22,20.12,19.78,36461.18,0.42,2.13,19.806,19.76,19.76,26384.45,27667.34,27667.34
2016-09-30,19.56,19.77,19.7,19.44,24210.2,0.15,0.77,19.688,19.688,19.688,25908.57,25908.57,25908.57
2016-09-29,19.71,19.89,19.55,19.55,20986.87,-0.16,-0.81,19.685,19.685,19.685,26333.17,26333.17,26333.17
2016-09-28,20.08,20.08,19.71,19.67,16996.0,-0.24,-1.2,19.73,19.73,19.73,28115.27,28115.27,28115.27
2016-09-27,19.42,20.05,19.95,19.28,33268.02,0.42,2.15,19.74,19.74,19.74,33674.9,33674.9,33674.9
2016-09-26,20.27,20.37,19.53,19.39,34081.78,-0.67,-3.32,19.53,19.53,19.53,34081.78,34081.78,34081.78
